"Country","Average_Adoption"
"UK",64.692
"France",56.5183333333333
"Australia",56.082
"Japan",54.2095454545455
"China",52.8890476190476
"Canada",52.19
"USA",52.0809523809524
"India",51.8145833333333
"Germany",51.46
"South Korea",50.5635
