"Industry","Average_Adoption"
"Gaming",60.4162962962963
"Education",57.0282352941176
"Manufacturing",57.0144444444444
"Legal",56.0776470588235
"Finance",55.7642857142857
"Healthcare",55.7341176470588
"Automotive",54.8878947368421
"Marketing",54.2442105263158
"Retail",47.9057142857143
"Media",47.2632258064516
